<?xml version="1.0" encoding="UTF-8"?>
<addon id="plugin.video.playvideourl"
version="0.1"
name="PlayVideoURL"
provider-name="Snap">
<requires>
  <import addon="xbmc.python" version="2.25.0"/>
  </requires>
<extension point="xbmc.python.pluginsource" library="main.py">
  <provides>video</provides>
</extension>
<extension point="xbmc.addon.metadata">
  <summary lang="en">PlayVideoURL</summary>
  <description lang="en">Plays videos from URLs direct links.</description>
  <disclaimer lang="en">Service provider: Pastebin.com</disclaimer>
  <assets>
    <icon>icon.png</icon>
  </assets>
</extension>
</addon>